{"playerPosition":{"x":128.93011474609376,"y":12.840001106262207,"z":94.30269622802735}}