{"playerPosition":{"x":118.73999786376953,"y":27.693716049194337,"z":103.2699966430664}}