{"playerPosition":{"x":78.1367416381836,"y":27.874963760375978,"z":91.02397918701172}}