{"playerPosition":{"x":148.44317626953126,"y":27.975677490234376,"z":-21.345294952392579}}