{"playerPosition":{"x":47.52077102661133,"y":29.468652725219728,"z":75.26431274414063}}