{"playerPosition":{"x":111.16000366210938,"y":13.578167915344239,"z":98.61000061035156}}