{"playerPosition":{"x":124.20034790039063,"y":27.874963760375978,"z":89.4421615600586}}