{"playerPosition":{"x":113.47000122070313,"y":27.94300079345703,"z":111.0999984741211}}