{"playerPosition":{"x":-7.110151290893555,"y":36.838523864746097,"z":53.50804901123047}}