{"playerPosition":{"x":103.58393859863281,"y":27.874963760375978,"z":89.65751647949219}}