{"playerPosition":{"x":145.83853149414063,"y":27.944265365600587,"z":-25.460346221923829}}