{"playerPosition":{"x":102.8569107055664,"y":28.206270217895509,"z":95.64701080322266}}