{"playerPosition":{"x":105.97799682617188,"y":27.874963760375978,"z":92.8419418334961}}