{"playerPosition":{"x":9.529999732971192,"y":33.31999969482422,"z":60.060001373291019}}