{"playerPosition":{"x":100.27249908447266,"y":29.540897369384767,"z":126.66860961914063}}