{"playerPosition":{"x":95.4800033569336,"y":27.754968643188478,"z":84.80999755859375}}