{"playerPosition":{"x":102.15629577636719,"y":26.579998016357423,"z":77.91956329345703}}