{"playerPosition":{"x":191.2765350341797,"y":27.874963760375978,"z":117.7024154663086}}