{"playerPosition":{"x":89.06249237060547,"y":27.574962615966798,"z":88.54125213623047}}