{"playerPosition":{"x":118.73999786376953,"y":27.874963760375978,"z":103.2699966430664}}