{"playerPosition":{"x":77.12852478027344,"y":27.574962615966798,"z":105.25894165039063}}