{"playerPosition":{"x":55.398685455322269,"y":27.814674377441408,"z":83.17313385009766}}