{"playerPosition":{"x":119.12000274658203,"y":27.874963760375978,"z":92.06999969482422}}