{"playerPosition":{"x":97.8499984741211,"y":27.933000564575197,"z":94.23400115966797}}