{"playerPosition":{"x":82.63971710205078,"y":27.874963760375978,"z":92.03099822998047}}