{"playerPosition":{"x":151.3712158203125,"y":27.753673553466798,"z":-29.928653717041017}}