{"playerPosition":{"x":146.66368103027345,"y":27.949922561645509,"z":-26.508886337280275}}