{"playerPosition":{"x":158.36846923828126,"y":27.874963760375978,"z":73.69930267333985}}