{"playerPosition":{"x":154.43243408203126,"y":27.986600875854493,"z":14.375443458557129}}