{"playerPosition":{"x":96.61111450195313,"y":27.874963760375978,"z":91.26689910888672}}