{"playerPosition":{"x":140.9813232421875,"y":28.177104949951173,"z":-15.989884376525879}}