{"playerPosition":{"x":151.8785400390625,"y":27.874963760375978,"z":-29.275720596313478}}