{"playerPosition":{"x":32.52000045776367,"y":26.579998016357423,"z":68.23999786376953}}