{"playerPosition":{"x":144.27613830566407,"y":28.054189682006837,"z":-19.71502113342285}}