{"playerPosition":{"x":108.2718734741211,"y":27.574962615966798,"z":114.84650421142578}}