{"playerPosition":{"x":135.57000732421876,"y":27.874963760375978,"z":-26.3700008392334}}