{"playerPosition":{"x":152.59754943847657,"y":27.874963760375978,"z":5.741365432739258}}